id,condition,source,text_excerpt,matched_terms,confidence
722,Warplane,CNRS Webhook,🔴 عاجل | مراسل المنار: غارتان من الطيران الحربي الاسرائيلي المعادي استهدفتا بلدة المنصوري في جنوب لبنان عاجل | مراسل المنار: غارتان من الطيران الحربي الاسرائيلي,غارت | استهدف | استهدفت,1.0
723,Warplane,CNRS Webhook,🚨غارتان من الطيران الحربي محيط النبطية الفوقا Two raids by warplanes in the vicinity of Nabatieh El Faouqa غارتان من الطيران الحربي محيط النبطية الفوقا Two raid,غارت,1.0
726,Warplane,CNRS Webhook,مراسل #الجديد: الطيران الحربي استهدف المنطقة الواقعة بين بلدتي أرنون وكفرتبنيت قضاء النبطية https://t.co/F7iy19LjKo https://x.com/ALJADEEDNEWS/status/2100242116,استهدف,1.0
727,Warplane,CNRS Webhook,مراسل #الجديد : الطيران الحربي استهدف المنطقة الواقعة بين بلدتي أرنون وكفرتبنيت قضاء النبطية مراسل #الجديد : الطيران الحربي استهدف المنطقة الواقعة بين بلدتي أرن,استهدف,1.0
729,Warplane,CNRS Webhook,غارة من الطيران الحربي استهدفت النبطية الفوقا غارة من الطيران الحربي استهدفت النبطية الفوقا,غاره | استهدف | استهدفت,1.0
730,Warplane,CNRS Webhook,صحفة الإعلامي الشهيد علي شعيب : الطيران الحربي المعادي اغار مستهدفاً منطقة علي الطاهر صحفة الإعلامي الشهيد علي شعيب : الطيران الحربي المعادي اغار مستهدفاً منطقة,اغار | شهيد,1.0
731,Warplane,CNRS Webhook,🚨 غارة استهدفت تلة علي الطاهر 🚨 طائرات حربية تحلق على علو منخفض في اجواء جنوب لبنان غارة استهدفت تلة علي الطاهر طائرات حربية تحلق على علو منخفض في اجواء جنوب لب,غاره | استهدف | استهدفت,1.0
732,Warplane,CNRS Webhook,الطيران الحربي المعادي اغار مستهدفا بلدة المنصوري . https://t.me/hashemsayed الطيران الحربي المعادي اغار مستهدفا بلدة المنصوري . https://t.me/hashemsayed,اغار,1.0
733,Warplane,CNRS Webhook,غارة من الطيران الحربي استهدفت بلدة صربين غارة من الطيران الحربي استهدفت بلدة صربين,غاره | استهدف | استهدفت,1.0
734,Warplane,CNRS Webhook,غارة من الطيران الحربي استهدفت بلدة صربين غارة من الطيران الحربي استهدفت بلدة صربين,غاره | استهدف | استهدفت,1.0
735,Warplane,CNRS Webhook,صفحة الإعلامي الشهيد علي شعيب : اغار الطيران الحربي المعادي مستهدفاً منطقة علي الطاهر ، منطقة الدبشة ودوحة كفررمان صفحة الإعلامي الشهيد علي شعيب : اغار الطيران ,اغار,1.0
736,Warplane,CNRS Webhook,غارتان من الطيران الحربي على صربين غارتان من الطيران الحربي على صربين,غارت,1.0
737,Warplane,CNRS Webhook,صفحة الإعلامي الشهيد علي شعيب: الطيران الحربي المعادي أغار مستهدفا بلدة برعشيت تفجير نفذه العدو في بلدة مجدلزون صفحة الإعلامي الشهيد علي شعيب: الطيران الحربي ال,اغار | تفجير,1.0
738,Warplane,CNRS Webhook,🔴 عاجل | مراسل المنار: الطيران الحربي المعادي استهدف اطراف النبطية الفوقا ومنطقة الدبشة في جنوب لبنان عاجل | مراسل المنار: الطيران الحربي المعادي استهدف اطراف ا,استهدف,1.0
739,Warplane,CNRS Webhook,الطيران الحربي المعادي اغار مستهدفا بلدة برعشيت الطيران الحربي المعادي اغار مستهدفا بلدة برعشيت,اغار,1.0
740,Warplane,CNRS Webhook,🔴 عاجل | مراسل المنار: غارة من الطيران الحربي الصهيوني على بلدة المنصوري عاجل | مراسل المنار: غارة من الطيران الحربي الصهيوني على بلدة المنصوري,غاره,1.0
741,Warplane,CNRS Webhook,غارة من الطيران الحربي استهدفت بلدة المنصوري غارة من الطيران الحربي استهدفت بلدة المنصوري,غاره | استهدف | استهدفت,1.0
742,Warplane,CNRS Webhook,مجددا الطيران الحربي المعادي يستهدف بلدة المنصوري بغارة مجددا الطيران الحربي المعادي يستهدف بلدة المنصوري بغارة,غاره,1.0
743,Warplane,CNRS Webhook,أغار الطيران الحربي مستهدفاً بلدة صربين على دفعتين . بعد المتابعة الغارتين بين بيت ليف وياطر لجهة بيت ليف أغار الطيران الحربي مستهدفاً بلدة صربين على دفعتين . ب,غارت | اغار,1.0
744,Warplane,CNRS Webhook,غارتين من الطيران الحربي على المنصوري غارتين من الطيران الحربي على المنصوري,غارت,1.0
745,Warplane,CNRS Webhook,الطيران الحربي المعادي اغار مستهدفا بلدة برعشيت الطيران الحربي المعادي اغار مستهدفا بلدة برعشيت,اغار,1.0
746,Warplane,CNRS Webhook,غارة عنيفة جدا من الطيران الحربي استهدفت بلدة المنصوري غارة عنيفة جدا من الطيران الحربي استهدفت بلدة المنصوري,غاره | استهدف | استهدفت,1.0
747,Helicopter Hovering,CNRS Webhook,🔴 عاجل | مراسلنا: الطيران المسيّر الاسرا.ئيلي المعادي استهدف مدينة النبطية في جنوب لبنان عاجل | مراسلنا: الطيران المسيّر الاسرا.ئيلي المعادي استهدف مدينة النبطي,استهدف,1.0
748,Warplane,CNRS Webhook,"مراسل ""ليبانون ديبايت"": الطيران الحربي الإسرائيلي أغار فجراً على تلة علي الطاهر ودوحة كفررمان مراسل ""ليبانون ديبايت"": الطيران الحربي الإسرائيلي أغار فجراً على ت",اغار,1.0
749,Warplane,CNRS Webhook,الطائرات الحربية تحلق عند علو منخفض جنوباً وغارة حربية استهدفت بلدة المنصوري في قضاء صور الطائرات الحربية تحلق عند علو منخفض جنوباً وغارة حربية استهدفت بلدة الم,غاره | استهدف | استهدفت,1.0
750,Warplane,CNRS Webhook,صفحة الإعلامي الشهيد علي شعيب: الطيران الحربي المعادي أغار مستهدفا منطقة وادي السلوقي صفحة الإعلامي الشهيد علي شعيب: الطيران الحربي المعادي أغار مستهدفا منطقة و,اغار,1.0
751,Warplane,CNRS Webhook,🔴لحظة استهداف الطيران الحربي الاسرائيلي بلدة المنصوري لحظة استهداف الطيران الحربي الاسرائيلي بلدة المنصوري,استهداف,1.0
752,Warplane,CNRS Webhook,أولي غارتين من الطيران الحربي المعادي استهدفتا بلدة برعشيت T.me/mehwaralmokawma «صادق» أولي غارتين من الطيران الحربي المعادي استهدفتا بلدة برعشيت T.me/mehwaralm,غارت | استهدف | استهدفت,1.0
753,Warplane,CNRS Webhook,🔴 عاجل | مراسل المنار: الطيران الحربي المعادي اغار على منطقة علي الطاهر عاجل | مراسل المنار: الطيران الحربي المعادي اغار على منطقة علي الطاهر,اغار,1.0
754,Helicopter Hovering,CNRS Webhook,🔴 عاجل | مراسل المنار: الطيران المسير المعادي استهدف منطقة دار المعلمين الواقعة بين مدينة النبطية والنبطية الفوقا عاجل | مراسل المنار: الطيران المسير المعادي اس,استهدف,1.0
755,Warplane,CNRS Webhook,غارة من الطيران الحربي على محيط مرتفعات علي الطاهر غارة من الطيران الحربي على محيط مرتفعات علي الطاهر,غاره,1.0
756,Warplane,CNRS Webhook,🔴مجدداً ، أغار الطيران الحربي مستهدفاً المنصوري T.me/mehwaralmokawma مجدداً ، أغار الطيران الحربي مستهدفاً المنصوري T.me/mehwaralmokawma,اغار,1.0
757,Warplane,CNRS Webhook,🏴اولي غارة من الطيران الحربي على محيط مرتفعات علي الطاهر اولي غارة من الطيران الحربي على محيط مرتفعات علي الطاهر,غاره,1.0
758,Warplane,CNRS Webhook,صفحة الإعلامي الشهيد علي شعيب: اغار الطيران الحربي المعادي على منطقة علي الطاهر صفحة الإعلامي الشهيد علي شعيب: اغار الطيران الحربي المعادي على منطقة علي الطاهر,اغار,1.0
759,Warplane,CNRS Webhook,🔴 عاجل | مراسل المنار: الطيران الحربي المعادي اغار على منطقة دوحة كفررمان في جنوب لبنان عاجل | مراسل المنار: الطيران الحربي المعادي اغار على منطقة دوحة كفررمان ,اغار,1.0
760,Warplane,CNRS Webhook,🏴الطيران الحربي المعادي أغار مستهدفا مرتفعات دوحة كفررمان و علي الطاهر ب ٣ غارات الطيران الحربي المعادي أغار مستهدفا مرتفعات دوحة كفررمان و علي الطاهر ب ٣ غارات,غارات | اغار,1.0
761,Warplane,CNRS Webhook,«الوكالة الوطنية»: الطيران الحربي المعادي شنّ ليلاً سلسلة غارات على مرتفع علي الطاهر ومحيط الدبشة عند الأطراف الشمالية للنبطية الفوقا ودوحة كفررمان «الوكالة الو,غارات,1.0
762,Warplane,CNRS Webhook,#عاجل | غارتان من الطيران الحربي الإسرائيلي على مرتفعات علي الطاهر #عاجل | غارتان من الطيران الحربي الإسرائيلي على مرتفعات علي الطاهر,غارت,1.0
763,Warplane,CNRS Webhook,🏴مجدداً غارة من الطيران الحربي على تلة علي الطاهر مجدداً غارة من الطيران الحربي على تلة علي الطاهر,غاره,1.0
764,Warplane,CNRS Webhook,🔴 عاجل | مراسل المنار: الطيران الحربي الاسرائيلي المعادي أغار مستهدفا بلدة المنصوري في جنوب لبنان عاجل | مراسل المنار: الطيران الحربي الاسرائيلي المعادي أغار مس,اغار,1.0
765,Warplane,CNRS Webhook,🔴 عاجل | مراسل المنار: الطيران الحربي المعادي أغار مجدداً مستهدفاً وادي صربين جنوبي لبنان عاجل | مراسل المنار: الطيران الحربي المعادي أغار مجدداً مستهدفاً وادي ,اغار,1.0
766,Warplane,CNRS Webhook,الطيران الحربي المعادي اغار مستهدفا وادي صربين. الطيران الحربي المعادي اغار مستهدفا وادي صربين.,اغار,1.0
767,Warplane,CNRS Webhook,🔴 عاجل | مراسل المنار: الطيران الحربي المعادي اغار على منطقتي علي الطاهر والدبشة في جنوب لبنان عاجل | مراسل المنار: الطيران الحربي المعادي اغار على منطقتي علي ا,اغار,1.0
768,Warplane,CNRS Webhook,صفحة الإعلامي الشهيد علي شعيب : الطيران الحربي المعادي اغار مستهدفاً منطقتي علي الطاهر والدبشة صفحة الإعلامي الشهيد علي شعيب : الطيران الحربي المعادي اغار مستهد,اغار,1.0
769,Warplane,CNRS Webhook,🔴 عاجل | مراسل المنار: غارة جديدة من الطيران الحربي المعادي على منطقة دوحة كفررمان في جنوب لبنان عاجل | مراسل المنار: غارة جديدة من الطيران الحربي المعادي على م,غاره,1.0
770,Warplane,CNRS Webhook,الطيران الحربي المعادي اغار على بلدة النبطية الفوقا. https://t.me/hashemsayed الطيران الحربي المعادي اغار على بلدة النبطية الفوقا. https://t.me/hashemsayed,اغار,1.0
771,Warplane,CNRS Webhook,لبنان: مراسل الميادين: الطائرات الحربية الإسرائيلية أغارت على محيط مرتفعي علي الطاهر والدبشة لجهة دوحة كفررمان جنوبي البلاد لبنان: مراسل الميادين: الطائرات الحر,غارت | اغار,1.0
772,Warplane,CNRS Webhook,🔴#تحديث غارتين حربي بين ميفدون و زوطر الشرقية #تحديث غارتين حربي بين ميفدون و زوطر الشرقية,غارت,1.0
773,Warplane,CNRS Webhook,🔴 عاجل | مراسل المنار: الطيران الحربي المعادي استهدف مجددا اطراف بلدة النبطية الفوقا في جنوب لبنان عاجل | مراسل المنار: الطيران الحربي المعادي استهدف مجددا اطرا,استهدف,1.0
774,Warplane,CNRS Webhook,"الطيران الحربي المعادي ينفذ غارة جوية على بلدة المنصوري. T.me/mehwaralmokawma ‏ «جـھ,آد𓂆» الطيران الحربي المعادي ينفذ غارة جوية على بلدة المنصوري. T.me/mehwaral",غاره,1.0
775,Warplane,CNRS Webhook,صفحة الإعلامي الشهيد علي شعيب : اغار الطيران الحربي المعادي مستهدفا بلدة عرب صاليم صفحة الإعلامي الشهيد علي شعيب : اغار الطيران الحربي المعادي مستهدفا بلدة عرب ,اغار,1.0
776,Warplane,CNRS Webhook,"مجددا الطيران الحربي المعادي استهدف اطراف النبطية الفوقا في جنوب لبنان . T.me/mehwaralmokawma ‏ «جـھ,آد𓂆» مجددا الطيران الحربي المعادي استهدف اطراف النبطية الفو",استهدف,1.0
777,Warplane,CNRS Webhook,الطيران الحربي المعادي اغار مستهدفا النبطية الفوقا الطيران الحربي المعادي اغار مستهدفا النبطية الفوقا,اغار,1.0
778,Warplane,CNRS Webhook,غارات من الطيران الحربي على برعشيت، وبين علي الطاهر والدبشة، وحي الدير في محيط علي الطاهر غارات من الطيران الحربي على برعشيت، وبين علي الطاهر والدبشة، وحي الدير,غارات,1.0
779,Warplane,CNRS Webhook,"الطيران الحربي المعادي اغار على محيط منطقة علي الطاهر. T.me/mehwaralmokawma ‏ «جـھ,آد𓂆» الطيران الحربي المعادي اغار على محيط منطقة علي الطاهر. T.me/mehwaralmoka",اغار,1.0
780,Warplane,CNRS Webhook,🔴 عاجل | مراسل المنار: الطيران الحربي الاسرائيلي المعادي استهدف أطراف بلدة النبطية الفوقا في جنوب لبنان عاجل | مراسل المنار: الطيران الحربي الاسرائيلي المعادي ا,استهدف,1.0
781,Warplane,CNRS Webhook,بالصورة والفيديو | الطيران الحربي المعادي استهدف مدينة النبطية في جنوب لبنان بالصورة والفيديو | الطيران الحربي المعادي استهدف مدينة النبطية في جنوب لبنان,استهدف,1.0
782,Warplane,CNRS Webhook,🚨غارة حربية ثانية تستهدف أطراف علي الطاهر ــــــــــــــ 🚨A second airstrike targets the outskirts of Ali al-Taher ــــــــــــــ 📲 قناة بنت جبيل على واتساب htt,غاره | airstrike | strike,1.0
783,Warplane,CNRS Webhook,غارة من الطيران الحربي على المنصوري غارة من الطيران الحربي على المنصوري,غاره,1.0
784,Warplane,CNRS Webhook,أغار الطيران الحربي مستهدفاً النبطية الفوقا على دفعتين ــــــــــــــ Warplanes carried out two airstrikes targeting Nabatieh al-Fawqa ــــــــــــــ 📲 قناة بنت,اغار | airstrike | strike,1.0
785,Warplane,CNRS Webhook,غارة من الطيران الحربي على المنصوري غارة من الطيران الحربي على المنصوري,غاره,1.0
786,Warplane,CNRS Webhook,صفحة الإعلامي الشهيد علي شعيب : اغار الطيران الحربي المعادي على اطراف دير سريان صفحة الإعلامي الشهيد علي شعيب : اغار الطيران الحربي المعادي على اطراف دير سريان,اغار,1.0
787,Warplane,CNRS Webhook,🔴 عاجل | مراسلنا: الطيران الحربي المعادي استهدف اطراف النبطية الفوقا ومنطقة الدبشة في جنوب لبنان عاجل | مراسلنا: الطيران الحربي المعادي استهدف اطراف النبطية الف,استهدف,1.0
789,Warplane,CNRS Webhook,"كفررمان تحت النار شن الطيران الحربي الإسرائيلي غارات عدة استهدفت دوحة كفررمان وأخرى استهدفت تلة ""علي الطاهر"" قضاء النبطية.#أخبار_الجديد #جنوب_لبنان https://t.co",غارات | استهدف | استهدفت,1.0
790,Warplane,CNRS Webhook,غارة من الطيران الحربي على دوحة كفررمان غارة من الطيران الحربي على دوحة كفررمان,غاره,1.0
791,Warplane,CNRS Webhook,"غارة من الطيران الحربي على دوحة كفررمان. T.me/mehwaralmokawma ‏ «جـھ,آد𓂆» غارة من الطيران الحربي على دوحة كفررمان. T.me/mehwaralmokawma ‏ «جـھ,آد𓂆»",غاره,1.0
792,Warplane,CNRS Webhook,"الطيران الحربي المعادي اغار على منطقة علي الطاهر في جنوب لبنان. T.me/mehwaralmokawma ‏ «جـھ,آد𓂆» الطيران الحربي المعادي اغار على منطقة علي الطاهر في جنوب لبنان.",اغار,1.0
793,Warplane,CNRS Webhook,🚨الطيران الحربي الإسرائيلي أغار على حرش علي الطاهر لجهة النبطية الفوقا. ────────────── Israeli warplanes carried out an airstrike on the Ali Al-Taher forest tow,اغار | airstrike | strike,1.0
794,Warplane,CNRS Webhook,الطيران الحربي المعادي اغار مستهدفا اطراف بلدة حولا لجهة وادي السلوقي T.me/mehwaralmokawma «رضــ𓂆ــوان» الطيران الحربي المعادي اغار مستهدفا اطراف بلدة حولا لجهة,اغار,1.0
795,Warplane,CNRS Webhook,صفحة الإعلامي الشهيد علي شعيب : غارتان حربيتان معاديتان استهدفتا بلدة المنصوري و بيوت السياد T.me/mehwaralmokawma ‏ «شُمران𓂆» صفحة الإعلامي الشهيد علي شعيب : غا,غارت | استهدف | استهدفت,1.0
796,Warplane,CNRS Webhook,الطيران الحربي المعادي اغار على منطقة علي الطاهر في جنوب لبنان .. الطيران الحربي المعادي اغار على منطقة علي الطاهر في جنوب لبنان ..,اغار,1.0
797,Warplane,CNRS Webhook,أغار الطيران الحربي مستهدفاً المنصوري على ٣ دفعات . أغار الطيران الحربي مستهدفاً المنصوري على ٣ دفعات .,اغار,1.0
798,Warplane,CNRS Webhook,🚨غارة من الطيران الحربي الإسرائيلي عند أطراف حولا السلوقي(خلة الساقية) ────────────── 🚨An Israeli airstrike targeted the outskirts of Houla Al-Slouqi (Khallet A,غاره | airstrike | strike,1.0
799,Warplane,CNRS Webhook,الطيران الحربي المعادي اغار مستهدفا بلدة المنصوري. https://t.me/hashemsayed الطيران الحربي المعادي اغار مستهدفا بلدة المنصوري. https://t.me/hashemsayed,اغار,1.0
800,Warplane,CNRS Webhook,صفحة الإعلامي الشهيد علي شعيب : • تحرّك لقوات الاحتلال في الأطراف الغربية لبلدة ميس الجبل باتجاه منطقة دوبيه، ترافق مع قصف مدفعي وتمشيط بالأسلحة الرشاشة. • أغار,اغار | قصف,1.0
801,Warplane,CNRS Webhook,🏴الطيران الحربي المعادي اغار مستهدفا بلدة برعشيت. الطيران الحربي المعادي اغار مستهدفا بلدة برعشيت.,اغار,1.0
802,Warplane,CNRS Webhook,غارة حربية من جديد على المنصوري غارة حربية من جديد على المنصوري,غاره,1.0
803,Warplane,CNRS Webhook,صفحة الإعلامي الشهيد علي شعيب : اغار الطيران الحربي المعادي مستهدفاً بلدة المنصوري صفحة الإعلامي الشهيد علي شعيب : اغار الطيران الحربي المعادي مستهدفاً بلدة الم,اغار,1.0
804,Warplane,CNRS Webhook,غارة حربية على وادي السلوقي لجهة شقرا غارة حربية على وادي السلوقي لجهة شقرا,غاره,1.0
805,Warplane,CNRS Webhook,عند الساعة 5:42 صباحاً، أغار الطيران الحربي مستهدفاً علي الطاهر بعدد من الصواريخ. عند الساعة 5:42 صباحاً، أغار الطيران الحربي مستهدفاً علي الطاهر بعدد من الصوار,اغار,1.0
806,Warplane,CNRS Webhook,غارة من الطيران الحربي استهدفت دوحة كفررمان غارة من الطيران الحربي استهدفت دوحة كفررمان,غاره | استهدف | استهدفت,1.0
807,Warplane,CNRS Webhook,من جديد الطيران الحربي المعادي اغار على منطقة علي الطاهر في جنوب لبنان من جديد الطيران الحربي المعادي اغار على منطقة علي الطاهر في جنوب لبنان,اغار,1.0
808,Warplane,CNRS Webhook,الطيران الحربي المعادي أغار مستهدفا محيط منطقة الدبشة في النبطية الطيران الحربي المعادي أغار مستهدفا محيط منطقة الدبشة في النبطية,اغار,1.0
809,Warplane,CNRS Webhook,الطيران الحربي المعادي اغار على المنطقة الواقعة بين الدبشة ودوحة كفررمان في جنوب لبنان الطيران الحربي المعادي اغار على المنطقة الواقعة بين الدبشة ودوحة كفررمان ,اغار,1.0
810,Warplane,CNRS Webhook,🚨الطيران الحربي أغار مستهدفًا أطراف بلدة القنطرة ــــــــــــــ 🚨Warplanes carried out an airstrike targeting the outskirts of the town of Qantara ـــــــــــــ,اغار | airstrike | strike,1.0
811,Warplane,CNRS Webhook,مراسل الجديد: شن الطيران الحربي الاسرائيلي غارة على دفعتين مستهدفا المنطقة الواقعة بين مرتفع علي الطاهر وتلة الدبشة عند اطراف النبطية الفوقا https://x.com/ALJAD,غاره,1.0
812,Warplane,CNRS Webhook,🔴 عاجل | مراسل المنار: الطيران الحربي المعادي اغار على محيط منطقة علي الطاهر عاجل | مراسل المنار: الطيران الحربي المعادي اغار على محيط منطقة علي الطاهر,اغار,1.0
813,Warplane,CNRS Webhook,🔴 عاجل | مراسل المنار: غارة من الطيران الحربي المعادي على بلدة صربين وغارة على القنطرة عاجل | مراسل المنار: غارة من الطيران الحربي المعادي على بلدة صربين وغارة ,غاره,1.0
814,Warplane,CNRS Webhook,🔴 عاجل | مراسل المنار: الطيران الحربي المعادي اغار على المنطقة الواقعة بين الدبشة ودوحة كفررمان في جنوب لبنان عاجل | مراسل المنار: الطيران الحربي المعادي اغار ع,اغار,1.0
815,Warplane,CNRS Webhook,الطيران الحربي المعادي اغار مستهدفا بلدة صربين https://t.me/hashemsayed الطيران الحربي المعادي اغار مستهدفا بلدة صربين https://t.me/hashemsayed,اغار,1.0
816,Warplane,CNRS Webhook,الطيران الحربي المعادي أغار مستهدفا أطراف بلدة القنطرة الطيران الحربي المعادي أغار مستهدفا أطراف بلدة القنطرة,اغار,1.0
817,Warplane,CNRS Webhook,🔴 عاجل | مراسل المنار: الطيران الحربي المعادي اغار على النبطية الفوقا جنوب لبنان عاجل | مراسل المنار: الطيران الحربي المعادي اغار على النبطية الفوقا جنوب لبنان,اغار,1.0
818,Warplane,CNRS Webhook,الطيران الحربي المعادي اغار مستهدفا وادي السلوقي. https://t.me/hashemsayed الطيران الحربي المعادي اغار مستهدفا وادي السلوقي. https://t.me/hashemsayed,اغار,1.0
819,Warplane,CNRS Webhook,🌟اعتداءات العدو في اهر ساعة على جبل عامل : • أغار الطيران الحربي المعادي مستهدفاً بلدة برعشيت. • تحركت آليات جيش العدو عند أطراف بلدة حداثا لجهة بلدة عيتا الجبل,اغار,1.0
820,Warplane,CNRS Webhook,✈️طيران الاحتلال يشن 3 غارات على أطراف بلدة القنطرة في جبل عامل T.me/mehwaralmokawma «مـيّـثـمـ𓂆» طيران الاحتلال يشن 3 غارات على أطراف بلدة القنطرة في جبل عامل ,غارات,1.0
821,Warplane,CNRS Webhook,غارة من الطيران الحربي استهدفت بلدة المنصوري غارة من الطيران الحربي استهدفت بلدة المنصوري,غاره | استهدف | استهدفت,1.0
822,Warplane,CNRS Webhook,الطيران الحربي المعادي يعتدي بعدة غارات على اطراف بلدة القنطرة الطيران الحربي المعادي يعتدي بعدة غارات على اطراف بلدة القنطرة,غارات,1.0
823,Warplane,CNRS Webhook,صفحة الإعلامي الشهيد علي شعيب : آخر الاعتداءات: • اغار الطيران الحربي المعادي مستهدفاً أطراف بلدة القنطرة. • ألقت محلّقة معادية مواد متفجرة على بلدة المنصوري. •,اغار | تفجير,1.0
824,Warplane,CNRS Webhook,صفحة الإعلامي الشهيد علي شعيب : آخر الاعتداءات: • اغار الطيران الحربي المعادي مستهدفاً أطراف بلدة القنطرة. • ألقت محلّقة معادية مواد متفجرة على بلدة المنصوري. •,اغار | تفجير,1.0
825,Warplane,CNRS Webhook,"مراسل الجديد: غارة حربية تستهدف القنطرة في قضاء مرجعيون https://x.com/ALJADEEDNEWS/status/2092353402479022120 August 25, 2026 at 10:48PM مراسل الجديد: غارة حربي",غاره,1.0
826,Warplane,CNRS Webhook,فيديو | الطيران الح.ربي المعادي أغار على منطقة علي الطاهر و دوحة كفررمان في جنوب لبنان فيديو | الطيران الح.ربي المعادي أغار على منطقة علي الطاهر و دوحة كفررمان ,اغار,1.0
827,Warplane,CNRS Webhook,🔴 عاجل | مراسلنا : الاح.تلا.ل يطلق ق.ذائف مضيئة في اجواء برعشيت جنوبي لبنان 🔴 الطيران الح.ربي المعادي أغار على منطقة علي الطاهر و دوحة كفررمان في جنوب لبنان 🔴 ا,اغار,1.0
828,Warplane,CNRS Webhook,الطيران الحربي المعادي اغار مستهدفا بلدة برعشيت. https://t.me/hashemsayed الطيران الحربي المعادي اغار مستهدفا بلدة برعشيت. https://t.me/hashemsayed,اغار,1.0
829,Warplane,CNRS Webhook,غارة حربية على دوحة كفررمان غارة حربية على دوحة كفررمان,غاره,1.0
830,Warplane,CNRS Webhook,🔴 عاجل | مراسل المنار: الطيران الحربي الاسرائيلي المعادي اغار على وادي السلوقي عاجل | مراسل المنار: الطيران الحربي الاسرائيلي المعادي اغار على وادي السلوقي,اغار,1.0
831,Warplane,CNRS Webhook,غارة من الطيران الحربي على وادي السلوقي غارة من الطيران الحربي على وادي السلوقي,غاره,1.0
832,Warplane,CNRS Webhook,🔴غارة من الطيران الحربي استهدفت دوحة كفر رمان T.me/mehwaralmokawma غارة من الطيران الحربي استهدفت دوحة كفر رمان T.me/mehwaralmokawma,غاره | استهدف | استهدفت,1.0
833,Warplane,CNRS Webhook,🔴 عاجل | مراسل المنار: الطيران الحربي المعادي اغار على بلدة برعشيت عاجل | مراسل المنار: الطيران الحربي المعادي اغار على بلدة برعشيت,اغار,1.0
834,Warplane,CNRS Webhook,🔴 عاجل | مراسل المنار: الطيران الحربي المعادي اغار على النبطية الفوقا عاجل | مراسل المنار: الطيران الحربي المعادي اغار على النبطية الفوقا,اغار,1.0
835,Warplane,CNRS Webhook,الطيران الحربي المعادي اغار مجددا مستهدفا وادي صربين. الطيران الحربي المعادي اغار مجددا مستهدفا وادي صربين.,اغار,1.0
836,Warplane,CNRS Webhook,غارة من الطيران الحربي تستهدف بلدة المنصوري غارة من الطيران الحربي تستهدف بلدة المنصوري,غاره,1.0
837,Warplane,CNRS Webhook,🔴 عاجل | مراسل المنار: الطيران الحربي المعادي اغار على محيط منطقة علي الطاهر عاجل | مراسل المنار: الطيران الحربي المعادي اغار على محيط منطقة علي الطاهر,اغار,1.0
838,Warplane,CNRS Webhook,صفحة الإعلامي الشهيد علي شعيب : اغار الطيران الحربي المعادي مستهدفا بلدة النبطية الفوقا صفحة الإعلامي الشهيد علي شعيب : اغار الطيران الحربي المعادي مستهدفا بلدة,اغار,1.0
839,Warplane,CNRS Webhook,🔴 عاجل | مراسل المنار: الطيران الحربي المعادي اغار مستهدفا وادي صربين جنوبي لبنان عاجل | مراسل المنار: الطيران الحربي المعادي اغار مستهدفا وادي صربين جنوبي لبنا,اغار,1.0
840,Warplane,CNRS Webhook,صفحة الإعلامي الشهيد علي شعيب : أغار الطيران الحربي المعادي مستهدفا وادي صربين. صفحة الإعلامي الشهيد علي شعيب : أغار الطيران الحربي المعادي مستهدفا وادي صربين.,اغار,1.0
841,Warplane,CNRS Webhook,غارة من الطيران الحربي على وادي صربين غارة من الطيران الحربي على وادي صربين,غاره,1.0
842,Warplane,CNRS Webhook,"غارة من الطيران الحربي على وادي السلوقي T.me/mehwaralmokawma ‏ «جـھ,آد𓂆» غارة من الطيران الحربي على وادي السلوقي T.me/mehwaralmokawma ‏ «جـھ,آد𓂆»",غاره,1.0
843,Warplane,CNRS Webhook,مجدداً ، أغار الطيران الحربي مستهدفاً وادي السلوقي مجدداً ، أغار الطيران الحربي مستهدفاً وادي السلوقي,اغار,1.0
844,Warplane,CNRS Webhook,صفحة الإعلامي الشهيد علي شعيب: أغار الطيران الحربي المعادي مستهدفا وادي السلوقي على دفعتين، كما أغار مستهدفا المنطقة الواقعة بين مرتفع علي الطاهر و دوحة كفررمان,اغار,1.0
845,Warplane,CNRS Webhook,غارة من الطيران الحربي استهدفت النبطية الفوقا غارة من الطيران الحربي استهدفت النبطية الفوقا,غاره | استهدف | استهدفت,1.0
846,Warplane,CNRS Webhook,🏴 الطيران الحربي المعادي اغار على بلدة المنصوري متذ بعض الوقت وأخرى استهدفت النبطية الفوقا الطيران الحربي المعادي اغار على بلدة المنصوري متذ بعض الوقت وأخرى است,اغار | استهدف | استهدفت,1.0
847,Warplane,CNRS Webhook,الطيران الحربي المعادي اغار مستهدفا بلدة النبطية الفوقا. https://t.me/hashemsayed الطيران الحربي المعادي اغار مستهدفا بلدة النبطية الفوقا. https://t.me/hashemsa,اغار,1.0
848,Warplane,CNRS Webhook,آخر الاعتداءات على الأراضي اللبنانية: • أغار الطيران الحربي المعادي مستهدفاً بلدة برعشيت. • تحركت آليات جيش العدو عند أطراف بلدة حداثا لجهة بلدة عيتا الجبل. • أ,اغار,1.0
849,Warplane,CNRS Webhook,غارة من الطيران الحربي استهدفت بلدة النبطية الفوقا غارة من الطيران الحربي استهدفت بلدة النبطية الفوقا,غاره | استهدف | استهدفت,1.0
851,Warplane,CNRS Webhook,🔴 عاجل | مراسل المنار: غاراتان من الطيران الحربي المعادي على مرتفعات علي الطاهر جنوب لبنان عاجل | مراسل المنار: غاراتان من الطيران الحربي المعادي على مرتفعات عل,غارات,1.0
852,Warplane,CNRS Webhook,بالصورة | غاراتان من الطيران الحربي المعادي على مرتفعات علي الطاهر جنوبي لبنان بالصورة | غاراتان من الطيران الحربي المعادي على مرتفعات علي الطاهر جنوبي لبنان,غارات,1.0
853,Warplane,CNRS Webhook,مشاهد توثق لحظة شن الطيران الحربي الإسرائيلي الغارة على النبطية الفوقا ────────────── Footage captures the moment israeli warplanes carried out an airstrike on ,غاره | airstrike | strike,1.0
854,Warplane,CNRS Webhook,ملخص الاعتداءت الصهيونية على جنوب لبنان الصامد: غارتان عبر الطيران الحربي استهدفتا بلدة عربصاليم في قضاء النبطية غارة عبر الطيران الحربي استهدفت بلدة النبطية ال,غاره | غارت | استهدف | استهدفت,1.0
855,Warplane,CNRS Webhook,"مراسل الجديد: غارة من الطيران الحربي الاسرائيلي على بلدة النبطية الفوقا https://x.com/ALJADEEDNEWS/status/2092943673440735634 August 27, 2026 at 01:53PM مراسل ا",غاره,1.0
856,Warplane,CNRS Webhook,🔴 عاجل | مراسل المنار: الطيران الحربي المعادي اغار على بلدة المنصوري عاجل | مراسل المنار: الطيران الحربي المعادي اغار على بلدة المنصوري,اغار,1.0
857,Warplane,CNRS Webhook,"مراسل الجديد: الطيران الحربي شنّ صباحاً غارتين على تلة علي الطاهر https://twitter.com/ALJADEEDNEWS/status/2091043367287173593 August 22, 2026 at 08:02AM مراسل ا",غارت,1.0
858,Warplane,CNRS Webhook,صفحة الإعلامي الشهيد علي شعيب : الطيران الحربي المعادي اغار مجددا على بلدة عرب صاليم صفحة الإعلامي الشهيد علي شعيب : الطيران الحربي المعادي اغار مجددا على بلدة ,اغار,1.0
859,Warplane,CNRS Webhook,🚨غارة حربية تستهدف محيط بلدة الطيبة و ديرسريان غارة حربية تستهدف محيط بلدة الطيبة و ديرسريان,غاره,1.0
860,Warplane,CNRS Webhook,بالفيديو | غارتان من الطيران الحربي الاسرائيلي تستهدفان منطقتي علي الطاهر والدبشة في جنوب لبنان بالفيديو | غارتان من الطيران الحربي الاسرائيلي تستهدفان منطقتي ع,غارت,1.0
861,Warplane,CNRS Webhook,"مراسل الجديد: شن الطيران الحربي الإسرائيلي غارة على دوحة كفررمان قضاء النبطية https://x.com/ALJADEEDNEWS/status/2092349514061345261 August 25, 2026 at 10:32PM م",غاره,1.0
862,Warplane,CNRS Webhook,🚨 غارة حربية اســـــرائيلية استهدفت بلدة المنصوري ــــــــــــــ 🚨 An Isـــــraeli airstrike targeted the town of Mansouri ــــــــــــــ 📲 قناة بنت جبيل على وا,غاره | استهدف | استهدفت | airstrike | strike,1.0
863,Warplane,CNRS Webhook,مجددًا غارة حربية على محيط علي الطاهر لجهة النبطية الفوقا مجددًا غارة حربية على محيط علي الطاهر لجهة النبطية الفوقا,غاره,1.0
864,Warplane,CNRS Webhook,صفحة الإعلامي الشهيد علي شعيب: الطيران الحربي المعادي أغار مستهدفا أطراف بلدة القنطرة صفحة الإعلامي الشهيد علي شعيب: الطيران الحربي المعادي أغار مستهدفا أطراف ب,اغار,1.0
865,Warplane,CNRS Webhook,صفحة الإعلامي الشهيد علي شعيب: الطيران الحربي المعادي أغار مستهدفا من جديد منطقة علي الطاهر و بلدة صربين صفحة الإعلامي الشهيد علي شعيب: الطيران الحربي المعادي أ,اغار,1.0
866,Helicopter Hovering,CNRS Webhook,🔴 عاجل | مراسل المنار: الطيران المسيّر الاسرائيلي المعادي استهدف مدينة النبطية في جنوب لبنان عاجل | مراسل المنار: الطيران المسيّر الاسرائيلي المعادي استهدف مدين,استهدف,1.0
867,Warplane,CNRS Webhook,🔴 عاجل | مراسل المنار: الطيران الحربي المعادي اغار مستهدفا بلدة القنطرة عاجل | مراسل المنار: الطيران الحربي المعادي اغار مستهدفا بلدة القنطرة,اغار,1.0
868,Warplane,CNRS Webhook,لبنان: مراسل الميادين في الجنوب: الطائرات الحربية الإسرائيلية اعتدت بغارات مستهدفة منطقة دوحة كفررمان لجهة تلة الدبشة في قضاء النبطية لبنان: مراسل الميادين في ا,غارات,1.0
869,Warplane,CNRS Webhook,صفحة الإعلامي الشهيد علي شعيب: الطيران الحربي المعادي أغار مستهدفا المنطقة الواقعة بين تلة الدبشة و علي الطاهر صفحة الإعلامي الشهيد علي شعيب: الطيران الحربي الم,اغار,1.0
870,Warplane,CNRS Webhook,لبنان: مراسل الميادين في الجنوب: الطائرات الحربية الإسرائيلية أغارت مستهدفة مرتفع علي الطاهر لبنان: مراسل الميادين في الجنوب: الطائرات الحربية الإسرائيلية أغارت,غارت | اغار,1.0
871,Warplane,CNRS Webhook,الطيران الحربي المعادي أغار مستهدفا المنطقة الواقعة بين تلة الدبشة و علي الطاهر T.me/mehwaralmokawma «كرار» الطيران الحربي المعادي أغار مستهدفا المنطقة الواقعة ,اغار,1.0
872,Warplane,CNRS Webhook,غارتين من الطيران الحربي وادي السلوقي لجهة بلدة شقراء غارتين من الطيران الحربي وادي السلوقي لجهة بلدة شقراء,غارت,1.0
873,Warplane,CNRS Webhook,#لبنان غارتان للعدو الصهيوني عبر الطيران الحربي استهدفتا بلدة النبطية الفوقا في قضاء النبطية جنوبي لبنان الصامد T.me/mehwaralmokawma «𓂆سيد كـيـان» #لبنان غارتان,غارت | استهدف | استهدفت,1.0
874,Warplane,CNRS Webhook,«الوكالة الوطنية»: الطيران الحربي المعادي أغار على أطراف بلدة برعشيت في قضاء بنت جبيل «الوكالة الوطنية»: الطيران الحربي المعادي أغار على أطراف بلدة برعشيت في قض,اغار,1.0
875,Warplane,CNRS Webhook,🔴 عاجل | مراسل المنار: الطيران الحربي المعادي استهدف اطراف كفررمان في جنوب لبنان عاجل | مراسل المنار: الطيران الحربي المعادي استهدف اطراف كفررمان في جنوب لبنان,استهدف,1.0
876,Warplane,CNRS Webhook,الوكالة الوطنية للإعلام: الطيران الحربي الإسرائيلي أغار على اطراف بلدة برعشيت الوكالة الوطنية للإعلام: الطيران الحربي الإسرائيلي أغار على اطراف بلدة برعشيت,اغار,1.0
877,Helicopter Hovering,CNRS Webhook,الدفاع المدني اللبناني: 10 شهداء و7 مصابين إثر غارتين من طيران الاحتلال على بلدة كفررمان الدفاع المدني اللبناني: 10 شهداء و7 مصابين إثر غارتين من طيران الاحتلال,غارت | شهداء,1.0
879,Warplane,CNRS Webhook,«الوكالة الوطنية»: الطيران الحربي المعادي شنّ صباح اليوم غارتين على مرتفع علي الطاهر عند الأطراف الشمالية لبلدة النبطية الفوقا «الوكالة الوطنية»: الطيران الحربي,غارت,1.0
880,Warplane,CNRS Webhook,🚨غارة من الطيران الحربي على دوحة كفررمان Airstrike by warplanes on Dhat Kfar Ruman غارة من الطيران الحربي على دوحة كفررمان Airstrike by warplanes on Dhat Kfar R,غاره | airstrike | strike,1.0
881,Warplane,CNRS Webhook,🚨الطيران الحربي الإسرائيلي اغار مستهدفا اطراف بلدة حاريص. ────────────── israeli warplanes carried out a strike targeting the outskirts of Haris. ──────────────,اغار | strike,1.0
882,Warplane,CNRS Webhook,الطيران الحربي المعادي اغار مستهدفاً أطراف زوطر الشرقية الطيران الحربي المعادي اغار مستهدفاً أطراف زوطر الشرقية,اغار,1.0
883,Warplane,CNRS Webhook,صفحة الإعلامي الشهيد علي شعيب : الطيران الحربي المعادي اغار مستهدفاً أطراف زوطر الشرقية صفحة الإعلامي الشهيد علي شعيب : الطيران الحربي المعادي اغار مستهدفاً أطر,اغار,1.0
884,Warplane,CNRS Webhook,🔴 عاجل | مراسل المنار: الطيران الحربي المعادي أغار على محيط منطقة علي الطاهر في جنوب لبنان عاجل | مراسل المنار: الطيران الحربي المعادي أغار على محيط منطقة علي ا,اغار,1.0
885,Warplane,CNRS Webhook,غارتان حربيتان معاديتان استهدفتا بلدة المنصوري و بيوت السياد. https://t.me/hashemsayed غارتان حربيتان معاديتان استهدفتا بلدة المنصوري و بيوت السياد. https://t.m,غارت | استهدف | استهدفت,1.0
886,Warplane,CNRS Webhook,الطيران الحربي المعادي اغار على محيط منطقة علي الطاهر .. https://t.me/hashemsayed الطيران الحربي المعادي اغار على محيط منطقة علي الطاهر .. https://t.me/hashemsa,اغار,1.0
887,Warplane,CNRS Webhook,صفحة الإعلامي الشهيد علي شعيب: أغار الطيران الحربي المعادي مستهدفا محيط تلة علي الطاهر صفحة الإعلامي الشهيد علي شعيب: أغار الطيران الحربي المعادي مستهدفا محيط ت,اغار,1.0
888,Warplane,CNRS Webhook,مجددا الطيران الحربي المعادي استهدف اطراف النبطية الفوقا في جنوب لبنان .. مجددا الطيران الحربي المعادي استهدف اطراف النبطية الفوقا في جنوب لبنان ..,استهدف,1.0
889,Warplane,CNRS Webhook,غارتان من الطيران الحربي على محيط النبطية الفوقا غارتان من الطيران الحربي على محيط النبطية الفوقا,غارت,1.0
890,Warplane,CNRS Webhook,🔴 عاجل | مراسل المنار: الطيران الحربي المعادي اغار مستهدفا اطراف بلدة حولا لجهة وادي السلوقي عاجل | مراسل المنار: الطيران الحربي المعادي اغار مستهدفا اطراف بلدة,اغار,1.0
891,Warplane,CNRS Webhook,🔴 عاجل | مراسلنا: الطيران الحربي الاسرائيلي المعادي استهدف بلدة القنطرة في جنوب لبنان عاجل | مراسلنا: الطيران الحربي الاسرائيلي المعادي استهدف بلدة القنطرة في ج,استهدف,1.0
892,Warplane,CNRS Webhook,🏴اولي غارة حربية على القنطرة اولي غارة حربية على القنطرة,غاره,1.0
893,Warplane,CNRS Webhook,صفحة الإعلامي الشهيد علي شعيب: أغار الطيران الحربي المعادي مستهدفا بلدة القنطرة صفحة الإعلامي الشهيد علي شعيب: أغار الطيران الحربي المعادي مستهدفا بلدة القنطرة,اغار,1.0
894,Warplane,CNRS Webhook,غارة حربية على القنطرة غارة حربية على القنطرة,غاره,1.0
895,Warplane,CNRS Webhook,الطيران الحربي المعادي اغار مستهدفا بلدة القنطرة. https://t.me/hashemsayed الطيران الحربي المعادي اغار مستهدفا بلدة القنطرة. https://t.me/hashemsayed,اغار,1.0
896,Warplane,CNRS Webhook,غارة حربية على اطراف حاريص غارة حربية على اطراف حاريص,غاره,1.0
897,Warplane,CNRS Webhook,الطيران الحربي المعادي اغار مستهدفا اطراف بلدة حاريص. https://t.me/hashemsayed الطيران الحربي المعادي اغار مستهدفا اطراف بلدة حاريص. https://t.me/hashemsayed,اغار,1.0
898,Warplane,CNRS Webhook,🔴 عاجل | مراسلنا: الطيران الحربي الاسرائيلي المعادي استهدف بلدة المنصوري في جنوب لبنان عاجل | مراسلنا: الطيران الحربي الاسرائيلي المعادي استهدف بلدة المنصوري في,استهدف,1.0
899,Warplane,CNRS Webhook,من جديد غارة من الطيران الحربي المعادي استهدف بلدة المنصوري من جديد غارة من الطيران الحربي المعادي استهدف بلدة المنصوري,غاره | استهدف,1.0
900,Warplane,CNRS Webhook,الطيران الحربي المعادي اغار مستهدفا بلدة المنصوري. https://t.me/hashemsayed الطيران الحربي المعادي اغار مستهدفا بلدة المنصوري. https://t.me/hashemsayed,اغار,1.0
901,Warplane,CNRS Webhook,غارة حربية استهدفت بلدة المنصوري جنوب لبنان T.me/mehwaralmokawma «كُمَيْل» غارة حربية استهدفت بلدة المنصوري جنوب لبنان T.me/mehwaralmokawma «كُمَيْل»,غاره | استهدف | استهدفت,1.0
902,Warplane,CNRS Webhook,غارة من الطيران الحربي استهدفت بلدة المنصوري غارة من الطيران الحربي استهدفت بلدة المنصوري,غاره | استهدف | استهدفت,1.0
903,Warplane,CNRS Webhook,🏴اولي غارة من الطيران الحربي على المنصوري اولي غارة من الطيران الحربي على المنصوري,غاره,1.0
904,Warplane,CNRS Webhook,غارة حربية على المنصوري غارة حربية على المنصوري,غاره,1.0
905,Warplane,CNRS Webhook,#لبنان 🔴الطيران الحربي المعادي اغار مستهدفا القصير -قضاء مرجعيون T.me/mehwaralmokawma #لبنان الطيران الحربي المعادي اغار مستهدفا القصير -قضاء مرجعيون T.me/mehwa,اغار,1.0
906,Warplane,CNRS Webhook,غارة حربي أطراف بيت ليف غارة حربي أطراف بيت ليف,غاره,1.0
907,Warplane,CNRS Webhook,🔴 عاجل | مراسل المنار: الطيران الحربي المعادي اغار مجدداً على منطقة علي الطاهر في جنوب لبنان عاجل | مراسل المنار: الطيران الحربي المعادي اغار مجدداً على منطقة ع,اغار,1.0
908,Warplane,CNRS Webhook,🔴 عاجل | مراسل المنار: الطيران الحربي المعادي اغار على محيط منطقة الدبشة وعلى منطقة علي الطاهر في جنوب لبنان عاجل | مراسل المنار: الطيران الحربي المعادي اغار عل,اغار,1.0
909,Warplane,CNRS Webhook,🚨 ملخص أحداث فجر اليوم: دوت صفارات الإنذار عند الساعة 4:40 فـجراً في مستو..طنات كفار يوفال ومعيان باروخ وهاغوشريم، خشية تسلل طائرات مسيّرة، ليتبين لاحقاً أن الإ,غاره | غارات | اصابات | اضرار,1.0
910,Warplane,CNRS Webhook,🚨 غارة حربية ناحية علي الطاهر غارة حربية ناحية علي الطاهر,غاره,1.0
911,Warplane,CNRS Webhook,غارة حربي النبطية الفوقا فجر اليوم استهدفت المبنى مكان غارة المسيرة يوم أمس (حي عين العروس) غارة حربي النبطية الفوقا فجر اليوم استهدفت المبنى مكان غارة المسيرة ,غاره | استهدف | استهدفت,1.0
912,Warplane,CNRS Webhook,🏴غارة حربية استهدفت بلدة المنصوري في قضاء صور والطيران الحربي يحلق عند علو منخفض فوق قرى قضاء صور وصولاً الى مناطق الزهراني غارة حربية استهدفت بلدة المنصوري في ,غاره | استهدف | استهدفت,1.0
913,Warplane,CNRS Webhook,غارة حربية على النبطية الفوقا فجر اليوم استهدفت المبنى مكان غارة المسيرة يوم أمس (حي عين العروس) غارة حربية على النبطية الفوقا فجر اليوم استهدفت المبنى مكان غار,غاره | استهدف | استهدفت,1.0
914,Warplane,CNRS Webhook,صفحة الإعلامي الشهيد علي شعيب: للمرة الثانية أغار الطيران الحربي المعادي مستهدفا محيط تلة علي الطاهر صفحة الإعلامي الشهيد علي شعيب: للمرة الثانية أغار الطيران ا,اغار,1.0
915,Warplane,CNRS Webhook,بالفيديو | غارات من الطيران الحربي الاسرائيلي تستهدف منطقتي علي الطاهر والدبشة في جنوب لبنان بالفيديو | غارات من الطيران الحربي الاسرائيلي تستهدف منطقتي علي الط,غارات,1.0
916,Warplane,CNRS Webhook,شنّ الطيران الحربي فجر اليوم سلسلة غارات جوية استهدفت مرتفعات علي الطاهر ومنطقة دوحة كفررمان. شنّ الطيران الحربي فجر اليوم سلسلة غارات جوية استهدفت مرتفعات علي ,غارات | استهدف | استهدفت,1.0
917,Warplane,CNRS Webhook,صفحة الإعلامي الشهيد علي شعيب : الطيران الحربي المعادي اغار مستهدفاً بلدة المنصوري صفحة الإعلامي الشهيد علي شعيب : الطيران الحربي المعادي اغار مستهدفاً بلدة الم,اغار,1.0
918,Warplane,CNRS Webhook,🚨الطيران الحربي الإسرائيلي أغار على محيط علي الطاهر الطيران الحربي الإسرائيلي أغار على محيط علي الطاهر,اغار,1.0
919,Warplane,CNRS Webhook,الطيران الحربي المعادي اغار على منطقة علي الطاهر في جنوب لبنان الطيران الحربي المعادي اغار على منطقة علي الطاهر في جنوب لبنان,اغار,1.0
920,Warplane,CNRS Webhook,"صفحة الإعلامي الشهيد علي شعيب : الطيران الحربي المعادي اغار مستهدفاً منطقتي علي الطاهر والدبشة. T.me/mehwaralmokawma ‏ «جـھ,آد𓂆» صفحة الإعلامي الشهيد علي شعيب :",اغار,1.0
921,Warplane,CNRS Webhook,صفحة الإعلامي الشهيد علي شعيب : اغار الطيران الحربي المعادي مستهدفاً منطقة علي الطاهر صفحة الإعلامي الشهيد علي شعيب : اغار الطيران الحربي المعادي مستهدفاً منطقة,اغار,1.0
922,Warplane,CNRS Webhook,🔴 عاجل | مراسل المنار: الطيران الحربي المعادي اغار مستهدفا بلدة القنطرة عاجل | مراسل المنار: الطيران الحربي المعادي اغار مستهدفا بلدة القنطرة,اغار,1.0
923,Warplane,CNRS Webhook,الطيران الحربي المعادي اغار مستهدفا اطراف بلدة حولا لجهة وادي السلوقي. https://t.me/hashemsayed الطيران الحربي المعادي اغار مستهدفا اطراف بلدة حولا لجهة وادي ال,اغار,1.0
924,Warplane,CNRS Webhook,غارة من الطيران الحربي عند أطراف حولا _ السلوقي(خلة الساقية) غارة من الطيران الحربي عند أطراف حولا _ السلوقي(خلة الساقية),غاره,1.0
925,Warplane,CNRS Webhook,الطيران الحربي المعادي اغار مستهدفا اطراف بلدة حولا الطيران الحربي المعادي اغار مستهدفا اطراف بلدة حولا,اغار,1.0
926,Warplane,CNRS Webhook,🚨الطيران الحربي الإسرائيلي أغار مستهدفاً المنصوري على دفعتين ────────────── Israeli warplanes carried out two airstrikes targeting Al-Mansouri. ────────────── 📲,اغار | airstrike | strike,1.0
927,Warplane,CNRS Webhook,صفحة الإعلامي الشهيد علي شعيب : اغار الطيران الحربي المعادي مستهدفا منطقة الدبشة و اطراف النبطية الفوقا صفحة الإعلامي الشهيد علي شعيب : اغار الطيران الحربي المع,اغار,1.0
928,Warplane,CNRS Webhook,🚨الطيران الحربي الإسرائيلي أغار على المنصوري ────────────── Israeli warplanes carried out airstrikes on Al-Mansouri. ────────────── 📲 قناة بنت جبيل على واتساب h,اغار | airstrike | strike,1.0
929,Warplane,CNRS Webhook,صفحة الإعلامي الشهيد علي شعيب : غارتان حربيتان معاديتان استهدفتا بلدة المنصوري و بيوت السياد صفحة الإعلامي الشهيد علي شعيب : غارتان حربيتان معاديتان استهدفتا بل,غارت | استهدف | استهدفت,1.0
930,Warplane,CNRS Webhook,غارة حربية على دوحة كفررمان غارة حربية على دوحة كفررمان,غاره,1.0
931,Warplane,CNRS Webhook,الطيران الحربي الإسرائيلي أغار عند الساعة الرابعة فجرًا على مجرى نهر الليطاني، أسفل دير مار ميماس ، في بلدة دير ميماس. الطيران الحربي الإسرائيلي أغار عند الساعة,اغار,1.0
932,Warplane,CNRS Webhook,🚨غارة من الطيران الحربي استهدفت مشاع المنصوري An airstrike by warplanes targeted Mashaa Al-Mansouri غارة من الطيران الحربي استهدفت مشاع المنصوري An airstrike by,غاره | استهدف | استهدفت | airstrike | strike,1.0
933,Warplane,CNRS Webhook,🔴 عاجل | مراسل المنار: الطيران الحربي المعادي اغار مستهدفاً بلدة المنصوري عاجل | مراسل المنار: الطيران الحربي المعادي اغار مستهدفاً بلدة المنصوري,اغار,1.0
934,Warplane,CNRS Webhook,"غارتين من الطيران الحربي وادي السلوقي لجهة بلدة شقراء. T.me/mehwaralmokawma ‏ «جـھ,آد𓂆» غارتين من الطيران الحربي وادي السلوقي لجهة بلدة شقراء. T.me/mehwaralmoka",غارت,1.0
935,Warplane,CNRS Webhook,غارة من الطيران الحربي على مرتفعات علي الطاهر غارة من الطيران الحربي على مرتفعات علي الطاهر,غاره,1.0
936,Warplane,CNRS Webhook,"""الوكالة الوطنية"": الطيران الحربي المعادي شنّ صباح اليوم غارتين على مرتفع علي الطاهر عند الأطراف الشمالية لبلدة النبطية الفوقا T.me/mehwaralmokawma ‏ «جـھ,آد𓂆» ",غارت,1.0
937,Warplane,CNRS Webhook,🚨الطيران الحربي أغار مستهدفًا محيط منطقة الدبشة في النبطية ــــــــــــــ 🚨 Warplanes carried out an airstrike targeting the vicinity of the Dabsha area in Naba,اغار | airstrike | strike,1.0
938,Warplane,CNRS Webhook,غارة من الطيران الحربي على محيط صربين غارة من الطيران الحربي على محيط صربين,غاره,1.0
939,Warplane,CNRS Webhook,🏴غارة من الطيران الحربي على محيط صربين غارة من الطيران الحربي على محيط صربين,غاره,1.0
940,Warplane,CNRS Webhook,صفحة الإعلامي الشهيد علي شعيب: الطيران الحربي المعادي أغار مستهدفا من جديد منطقة علي الطاهر و بلدة صربين T.me/mehwaralmokawma «☫نـصـراللّه☫» صفحة الإعلامي الشهي,اغار,1.0
941,Warplane,CNRS Webhook,الطيران الحربي أغار على المنطقة الواقعة بين الدبشة ودوحة كفررمان في جنوب لبنان ــــــــــــــ Warplanes carried out an airstrike on the area between Dabsha and ,اغار | airstrike | strike,1.0
942,Warplane,CNRS Webhook,صفحة الإعلامي الشهيد علي شعيب: الطيران الحربي المعادي أغار مستهدفا أطراف بلدة القنطرة T.me/mehwaralmokawma «☫نـصـراللّه☫» صفحة الإعلامي الشهيد علي شعيب: الطيران,اغار,1.0
943,Warplane,CNRS Webhook,🏴الطيران الحربي المعادي أغار مستهدفا أطراف بلدة القنطرة الطيران الحربي المعادي أغار مستهدفا أطراف بلدة القنطرة,اغار,1.0
944,Warplane,CNRS Webhook,🔴 عاجل | مراسل المنار: من جديد الطيران الحربي المعادي اغار على منطقة علي الطاهر في جنوب لبنان عاجل | مراسل المنار: من جديد الطيران الحربي المعادي اغار على منطقة,اغار,1.0
945,Warplane,CNRS Webhook,غارة للعدو الصهيوني عبر الطيران الحربي استهدف بلدة النبطية الفوقا في قضاء النبطية جنوبي لبنان الصامد T.me/mehwaralmokawma «𓂆سيد كـيـان» غارة للعدو الصهيوني عبر ,غاره | استهدف,1.0
946,Warplane,CNRS Webhook,صفحة الإعلامي الشهيد علي شعيب: اغار الطيران الحربي المعادي منذ قليل مستهدفا بلدة المنصوري صفحة الإعلامي الشهيد علي شعيب: اغار الطيران الحربي المعادي منذ قليل مس,اغار,1.0
947,Warplane,CNRS Webhook,غارة من الطيران الحربي على المنصوري غارة من الطيران الحربي على المنصوري,غاره,1.0
948,Warplane,CNRS Webhook,🏴 غارة عنيفة تضرب جنوب لبنان والمعلومات الاولية غارة من الطيران الحربي استهدفت المنصوري غارة عنيفة تضرب جنوب لبنان والمعلومات الاولية غارة من الطيران الحربي است,غاره | استهدف | استهدفت,1.0
949,Warplane,CNRS Webhook,غارتان من الطيران الحربي على محيط ديرسريان، والمنصوري غارتان من الطيران الحربي على محيط ديرسريان، والمنصوري,غارت,1.0
950,Warplane,CNRS Webhook,لبنان: مراسل الميادين: الطائرات الحربية الإسرائيلية تجدد غاراتها على محيط مرتفع علي الطاهر جنوبي البلاد لبنان: مراسل الميادين: الطائرات الحربية الإسرائيلية تجدد,غارات,1.0
951,Warplane,CNRS Webhook,مراسل الميادين: الطائرات الحربية الإسرائيلية تجدد غاراتها على محيط مرتفع علي الطاهر جنوبي البلاد T.me/mehwaralmokawma ‏ «شُمران𓂆» مراسل الميادين: الطائرات الحرب,غارات,1.0
952,Helicopter Hovering,CNRS Webhook,«الوكالة الوطنية»: نفّذ طيران العدو ليلاً سلسلة غارات على مرتفع علي الطاهر عند اطراف النبطية الفوقا ودوحة كفررمان «الوكالة الوطنية»: نفّذ طيران العدو ليلاً سلسل,غارات,1.0
953,Warplane,CNRS Webhook,لبنان: مراسل الميادين في جنوب لبنان: الطائرات الحربية الإسرائيلية استهدفت بلدة المنصوري لبنان: مراسل الميادين في جنوب لبنان: الطائرات الحربية الإسرائيلية استهدف,استهدف | استهدفت,1.0
954,Warplane,CNRS Webhook,«الوكالة الوطنية»: الطيران الحربي المعادي أغار فجراً على مجرى نهر الليطاني أسفل دير مار ميما في بلدة دير ميماس «الوكالة الوطنية»: الطيران الحربي المعادي أغار فج,اغار,1.0
959,Warplane,CNRS Webhook,تفجيرات وغارات عنيفة.. ماذا حصل في الجنوب فجراً؟ للتفاصيل⏬: aljadeed.tv/news/%D9%85%D8%A… Link تفجيرات وغارات عنيفة.. ماذا حصل في الجنوب فجراً؟ شنّ الطيران الحر,غارات | استهدف | استهدفت | تفجير,1.0
960,Warplane,CNRS Webhook,صفحة الإعلامي الشهيد علي شعيب: ملخص الإعتداءات من منتصف الليل حتى الساعة: أغار الطيران الحربي المعادي مستهدفا اطراف بلدة القنطرة و حرش علي الطاهر و محيط منطقة ا,اغار | استهدف | قصف,1.0
961,Warplane,CNRS Webhook,لبنان: مراسل الميادين في الجنوب: الطائرات الحربية الإسرائيلية أغارت على أطراف بلدة القنطرة لبنان: مراسل الميادين في الجنوب: الطائرات الحربية الإسرائيلية أغارت ع,غارت | اغار,1.0
962,Warplane,CNRS Webhook,سلسلة غارات ليلا وقصف مدفعي لمرتفع علي الطاهر ومحيط الدبشة وتفجيرات في مجدل زون والمنصوري nna-leb.gov.lb/ar/news/short… Link سلسلة غارات ليلا وقصف مدفعي لمرتفع ,غارات | قصف | تفجير,1.0
963,Warplane,CNRS Webhook,لبنان: مراسل الميادين في الجنوب: الطائرات الحربية الإسرائيلية أغارت على محيط مرتفع الدبشة لجهة دوحة كفررمان لبنان: مراسل الميادين في الجنوب: الطائرات الحربية ال,غارت | اغار,1.0
965,Warplane,CNRS Webhook,🔵 الطيران الحربي المعادي اغار على منطقتي الدبشة وعلي الطاهر https://almanar.com.lb/article/1114542/?s=tg الطيران الحربي المعادي اغار على منطقتي الدبشة وعلي الطا,اغار,1.0
966,Warplane,CNRS Webhook,#عاجل | غارات من الطيران الحربي الإسرائيلي على مرتفعات علي الطاهر مجددا #عاجل | غارات من الطيران الحربي الإسرائيلي على مرتفعات علي الطاهر مجددا,غارات,1.0
967,Warplane,CNRS Webhook,🏴الطيران الحربي المعادي اغار مستهدفا بلدة برعشيت الطيران الحربي المعادي اغار مستهدفا بلدة برعشيت,اغار,1.0
968,Warplane,CNRS Webhook,مراسل الجديد: غارة من الطيران الحربي استهدفت منزلاً عند اطراف بلدة برعشيت قضاء بنت جبيل https://t.co/1yp8RYnBpB https://twitter.com/ALJADEEDNEWS/status/20907132,غاره | استهدف | استهدفت,1.0
969,Warplane,CNRS Webhook,غارات من الطيران الحربي تستهدف منطقة علي الطاهر T.me/mehwaralmokawma ‏ «شُمران𓂆» غارات من الطيران الحربي تستهدف منطقة علي الطاهر T.me/mehwaralmokawma ‏ «شُمران𓂆,غارات,1.0
970,Warplane,CNRS Webhook,🚨غارة حربية استهدفت تلة علي الطاهر - منطقة الدبشة غارة حربية استهدفت تلة علي الطاهر - منطقة الدبشة,غاره | استهدف | استهدفت,1.0
971,Warplane,CNRS Webhook,غارات جديدة من الطيران الحربي على مرتفعات علي الطاهر غارات جديدة من الطيران الحربي على مرتفعات علي الطاهر,غارات,1.0
972,Warplane,CNRS Webhook,غارات من الطيران الحربي على المنصوري غارات من الطيران الحربي على المنصوري,غارات,1.0
973,Warplane,CNRS Webhook,🔵 بالفيديو | الطيران الحربي المعادي اغار على المنطقة الواقعة بين الدبشة ودوحة كفررمان https://almanar.com.lb/article/1110157/?s=tg بالفيديو | الطيران الحربي الم,اغار,1.0
974,Warplane,CNRS Webhook,غارة معادية استهدفت المنصوري nna-leb.gov.lb/ar/news/short… Link غارة معادية استهدفت المنصوري وطنية - صور - اغار الطيران الحربي المعادي مستهدفاً بلدة المنصوري بص,غاره | اغار | استهدف | استهدفت | صاروخ,1.0
975,Warplane,CNRS Webhook,"🔴 عاجل | مراسل المنار: الطيران الحربي المعادي اغار على المنطقة الواقعة بين ""الدبشة"" و""دوحة كفررمان"" في حنوب لبنان عاجل | مراسل المنار: الطيران الحربي المعادي اغ",اغار,1.0
976,Warplane,CNRS Webhook,الطيران الحربي المعادي اغار مستهدفا وادي صربين. الطيران الحربي المعادي اغار مستهدفا وادي صربين.,اغار,1.0
977,Warplane,CNRS Webhook,🔴 غارتان للطيران الحربي الإسرائيلي في محيط زوطر الشرقية #نداء_الوطن غارتان للطيران الحربي الإسرائيلي في محيط زوطر الشرقية #نداء_الوطن,غارت,1.0
978,Warplane,CNRS Webhook,غارة من الطيران الحربي على صربين غارة من الطيران الحربي على صربين,غاره,1.0
979,Warplane,CNRS Webhook,🚨الطيران الحربي أغار مجددًا مستهدفًا وادي صربين ــــــــــــــ 🚨 warplanes carried out another airstrike targeting Wadi Srebbine ــــــــــــــ 📲 قناة بنت جبيل ,اغار | airstrike | strike,1.0
980,Warplane,CNRS Webhook,♦️| غارة حربية تستهدف اطراف صربين | غارة حربية تستهدف اطراف صربين,غاره,1.0
981,Warplane,CNRS Webhook,أغار الطيران الحربي المعادي مستهدفا مرتفعات علي الطاهر منذ بعض الوقت أغار الطيران الحربي المعادي مستهدفا مرتفعات علي الطاهر منذ بعض الوقت,اغار,1.0
982,Warplane,CNRS Webhook,طيران العدو اغار على منطقة علي الطاهر طيران العدو اغار على منطقة علي الطاهر,اغار,1.0
983,Warplane,CNRS Webhook,الطيران الحربي المعادي اغار على منطقة علي الطاهر الطيران الحربي المعادي اغار على منطقة علي الطاهر,اغار,1.0
984,Warplane,CNRS Webhook,أولي أغار الطيران الحربي المعادي اطراف دير سريان T.me/mehwaralmokawma ‏ «محمد𓂆» أولي أغار الطيران الحربي المعادي اطراف دير سريان T.me/mehwaralmokawma ‏ «محمد𓂆»,اغار,1.0
985,Warplane,CNRS Webhook,"الطيران الحربي المعادي اغار مستهدفا بلدة برعشيت. T.me/mehwaralmokawma ‏ «جـھ,آد𓂆» الطيران الحربي المعادي اغار مستهدفا بلدة برعشيت. T.me/mehwaralmokawma ‏ «جـھ,آ",اغار,1.0
986,Warplane,CNRS Webhook,غارة من الطيران الحربي على برعشيت غارة من الطيران الحربي على برعشيت,غاره,1.0
987,Warplane,CNRS Webhook,🔴 عاجل | مراسل المنار: الطيران الحربي المعادي اغار مستهدفا بلدة برعشيت عاجل | مراسل المنار: الطيران الحربي المعادي اغار مستهدفا بلدة برعشيت,اغار,1.0
988,Warplane,CNRS Webhook,"""علي الطاهر"" وكفررمان.. تحت النيران الاسرائيلية شن الطيران الحربي الإسرائيلي غارات عنيفة فجر اليوم، مستهدفاً تلة علي الطاهر ودوحة كفررمان قضاء النبطية. #أخبار_ا",غارات,1.0
989,Warplane,CNRS Webhook,غارات على المنصوري وتفجيرات في حداثا والطيري mtv.com.lb/News/1729242 Link غارات على المنصوري وتفجيرات في حداثا والطيري شنّ الطيران الحربي الإسرائيلي، غارات استه,غارات | استهدف | استهدفت | تفجير,1.0
990,Warplane,CNRS Webhook,"""علي الطاهر"" وكفررمان.. تحت النيران الاسرائيليةشن الطيران الحربي الإسرائيلي غارات عنيفة فجر اليوم، مستهدفاً تلة علي الطاهر ودوحة كفررمان قضاء النبطية.#أخبار_الج",غارات,1.0
991,Warplane,CNRS Webhook,🔴 تحليق حربي ودوي 3 غارات في محيط علي الطاهر لمتابعة اخبار النبطية والجنوب بالصور والفيديو عبر قناة الواتس اب الرسمية عبر الرابط https://whatsapp.com/channel/00,غارات,1.0
992,Warplane,CNRS Webhook,مراسل المنار: الطيران الحربي المعادي اغار على منطقة علي الطاهر في جنوب لبنان مع قصف مدفعي مستمر للمكان نفسه T.me/mehwaralmokawma ‏ «شُمران𓂆» مراسل المنار: الطير,اغار | قصف,1.0
993,Warplane,CNRS Webhook,غارتان من الطيران الحربي على مرتفعات علي الطاهر غارتان من الطيران الحربي على مرتفعات علي الطاهر,غارت,1.0
994,Warplane,CNRS Webhook,غارتان من الطيران الحربي على مرتفعات علي الطاهر غارتان من الطيران الحربي على مرتفعات علي الطاهر,غارت,1.0
996,Warplane,CNRS Webhook,🔴 عاجل | مراسل المنار: الطيران الحربي المعادي اغار على محيط منطقة علي الطاهر في جنوب لبنان عاجل | مراسل المنار: الطيران الحربي المعادي اغار على محيط منطقة علي ا,اغار,1.0
997,Warplane,CNRS Webhook,غارة إسرائيلية من الطيران الحربي استهدفت بلدة المنصوري وتفجير في بلدة زوطر الشرقية غارة إسرائيلية من الطيران الحربي استهدفت بلدة المنصوري وتفجير في بلدة زوطر ال,غاره | استهدف | استهدفت | تفجير,1.0
998,Warplane,CNRS Webhook,🔴 عاجل | مراسلنا: الطيران الحربي الاسرا.ئيلي المعادي أغار مستهدفا بلدة المنصوري في جنوب لبنان عاجل | مراسلنا: الطيران الحربي الاسرا.ئيلي المعادي أغار مستهدفا بل,اغار,1.0
999,Warplane,CNRS Webhook,«الوكالة الوطنية»: الطيران الحربي الإسرائيلي يغير على منزل في بلدة الرمادية - قضاء صور وتسجيل إصابات «الوكالة الوطنية»: الطيران الحربي الإسرائيلي يغير على منزل ,اصابات,1.0
1000,Warplane,CNRS Webhook,مراسل الجديد: الطيران الحربي الإسرائيلي شنّ غارتين استهدفتا بلدة النبطية الفوقا https://t.co/eXj1uGcrua https://x.com/ALJADEEDNEWS/status/2096901865396969733 Se,غارت | استهدف | استهدفت,1.0
1003,Warplane,CNRS Webhook,🔴 عاجل | مراسل المنار: الطيران الحربي المعادي استهدف مدينة النبطية في جنوب لبنان عاجل | مراسل المنار: الطيران الحربي المعادي استهدف مدينة النبطية في جنوب لبنان,استهدف,1.0
1007,Warplane,CNRS Webhook,غارتان من الطيران الحربي على المنصوري غارتان من الطيران الحربي على المنصوري,غارت,1.0
1009,Warplane,CNRS Webhook,لبنان: مراسل الميادين: الطيران الحربي الإسرائيلي شن غارتان استهدفتا بلدة النبطية الفوقا وأطراف بلدة ميفدون لبنان: مراسل الميادين: الطيران الحربي الإسرائيلي شن غ,غارت | استهدف | استهدفت,1.0
1142,Surveillance Aircraft,Red Alert Lebanon,Alert Lebanon - Official إحصاء التنبيهات اليومية | ae ‏:رص الفسئّرات‎ SE 00003 ) 5 || 100% 0-7 TA | ‏ممه‎ Red ) الأكثر تأثراً: التبطية — ‎Jee! ١95‏ الفارات: 273,غارات | استهداف,1.0
1289,Warplane,CNRS Webhook,صفحة الإعلامي الشهيد علي شعيب: الطيران الحربي المعادي أغار مستهدفا منطقة مشاع المنصوري و وادي عدشيت القصير,اغار,1.0
1290,Warplane,CNRS Webhook,غارات من الطيران الحربي على المنصوري وعدشيت القصير,غارات,1.0
1291,Warplane,CNRS Webhook,غارة من الطيران الحربي استهدفت مشاع المنصوري,غاره | استهدف | استهدفت,1.0
1292,Warplane,CNRS Webhook,سلسلة غارات شنّها الطيران الحربي الإسرائيلي صباحًا على بلدة المنصوري Video,غارات,1.0
1293,Warplane,CNRS Webhook,مراسل #الجديد : سلسلة غارات شنها الطيران الحربي الإسرائيلي على بلدة المنصوري جنوب صور Video,غارات,1.0
1294,Warplane,CNRS Webhook,الطيران الحربي الإسرائيلي اغار على دفعات عدة منذ ساعات الفجر حتى الان مستهدفا بلدة المنصوري ────────────── israeli warplanes have carried out several waves of a,اغار | airstrike | strike,1.0
1295,Warplane,CNRS Webhook,عاجل | مراسل المنار: الطيران الحربي المعادي اغار على دفعات عدة منذ ساعات الفجر حتى الان مستهدفا بلدة المنصوري,اغار,1.0
1296,Warplane,CNRS Webhook,قرابة الساعة الرابعة والنصف الطيران الحربي المعادي يعتدي على بلدة المنصوري بعدت غارات في جنوب لبنان,غارات,1.0
1297,Warplane,CNRS Webhook,غارة حربية ثالثة على المنصوري,غاره,1.0
1298,Warplane,CNRS Webhook,من جديد الطيران الحربي الإسرائيلي أغار مستهدفًا بلدة المنصوري بغارتين,غارت | اغار,1.0
1299,Warplane,CNRS Webhook,مجددا.. ‏الطيران الحربي الإسرائيلي أغار مستهدفًا بلدة المنصوري بغارتين,غارت | اغار,1.0
1300,Warplane,CNRS Webhook,غارة حربية إســـرائيلية استهدفت بلدة المنصوري,غاره | استهدف | استهدفت,1.0
1301,Warplane,CNRS Webhook,عاجل | مراسل المنار: الطيران الحربي المعادي اغار مستهدفا بلدة المنصوري جنوب لبنان,اغار,1.0
1303,Warplane,CNRS Webhook,غارة من الطيران الحربي استهدفت بلدة المنصوري,غاره | استهدف | استهدفت,1.0
1307,Surveillance Aircraft,Red Alert Lebanon,احصاءات نهاية اليوم · الأحد ٢٣ آب ٢٠٢٦ إجمالي التنبيهات: ١٤٨ رصد المسيّرات: ٩٣ أكثر القرى رصداً (مسيّرات): النبطيه الفوقا — رُصدت ٢١ علي الطاهر — رُصدت ١٨ كفر ت,غارات | قصف,1.0
1321,Surveillance Aircraft,Red Alert Lebanon,🤍 منذ 20 تشرين الثاني 2025، وأنتم جزء من هذه المسيرة بدأنا بمجموعة لا تتجاوز 20 فردًا ، لتصل اليوم إلى: 👥 2684 مراسلًا في البوت الأول 👥 984 مراسلًا في البوت الج,غاره,1.0
1363,Surveillance Aircraft,Red Alert Lebanon,🤍 منذ 20 تشرين الثاني 2025، وأنتم جزء من هذه المسيرة بدأنا بمجموعة لا تتجاوز 20 فردًا ، لتصل اليوم إلى: 👥 2684 مراسلًا في البوت الأول 👥 984 مراسلًا في البوت الج,غاره,1.0
1394,Surveillance Aircraft,Red Alert Lebanon,redalert.com.lb نهر الع سهل الجية ‎or‏ هر المغارة ‎se‏ بن الخو 7 ‎el‏ ‏3 لعزا المعنية. ‎pes Shahim‏ يلين ‎tes‏ ‎Fee)‏ ‏المغيزية ‎reer)‏ ‎as‏ ‎a‏ امجتلونة. ‎pest,غاره,1.0
1459,Warplane,CNRS Webhook,غارة حربية على النبطية الفوقا غارة حربية على النبطية الفوقا,غاره,1.0
1460,Warplane,CNRS Webhook,الطيران الحربي الاسرائيلي شنّ غارتين الأولى استهدفت أطراف زوطر الشرقية في قضاء النبطية والثانية بلدة القنطرة في قضاء مرجعيون الطيران الحربي الاسرائيلي شنّ غارتي,غارت | استهدف | استهدفت,1.0
1461,Warplane,CNRS Webhook,🏴غارة حربية على اطراف زوطر الشرقية غارة حربية على اطراف زوطر الشرقية,غاره,1.0
1462,Warplane,CNRS Webhook,🔴جبل عامل: - غارة حربية على بلدة القنطرة غارة حربية على اطراف بلدة زوطر الشرقية T.me/mehwaralmokawma «مـيّـثـمـ𓂆» جبل عامل: - غارة حربية على بلدة القنطرة غارة ح,غاره,1.0
1464,Warplane,CNRS Webhook,غارة حربية على كفرتبنيت غارة حربية على كفرتبنيت,غاره,1.0
1465,Helicopter Hovering,CNRS Webhook,«الوكالة الوطنية»: نجاة فريق إسعاف من غارة نفذتها مروحية أباتشي إسرائيلية على مبنى تجاري على طريق عام بلدتي ميفدون - شوكين «الوكالة الوطنية»: نجاة فريق إسعاف من,غاره | نجاه | اباتشي,1.0
1466,Helicopter Hovering,CNRS Webhook,«الوكالة الوطنية»: نجاة فريق إسعاف من غارة نفذتها مروحية أباتشي إسرائيلية على مبنى تجاري على طريق عام بلدتي ميفدون -شوكين «الوكالة الوطنية»: نجاة فريق إسعاف من ,غاره | نجاه | اباتشي,1.0
1467,Helicopter Hovering,CNRS Webhook,«الوكالة الوطنية»: نجاة فريق إسعاف من غارة نفذتها مروحية أباتشي إسرائيلية على مبنى تجاري على طريق عام بلدتي ميفدون -شوكين «الوكالة الوطنية»: نجاة فريق إسعاف من ,غاره | نجاه | اباتشي,1.0
1468,Helicopter Hovering,CNRS Webhook,"""الوكالة الوطنية"": نجاة فريق إسعاف من غارة نفذتها مروحية ""آباتشي"" على مبنى تجاري أثناء وجوده على طريق ميفدون - شوكين ""الوكالة الوطنية"": نجاة فريق إسعاف من غارة ",غاره | نجاه | اباتشي,1.0
1469,Helicopter Hovering,CNRS Webhook,الوكالة الوطنية للإعلام: نجاة فريق الاسعاف من غارة نفذتها مروحية اباتشي على مبنى تجاري على طريق عام بلدتي ميفدون -شوكين الوكالة الوطنية للإعلام: نجاة فريق الاسع,غاره | نجاه | اباتشي,1.0
1470,Helicopter Hovering,CNRS Webhook,في الجنوب.. غارة من مروحية أباتشيوثّق فيديو لحظة غارة الأباتشي على قبريخا في قضاء مرجعيون جنوب لبنان#أخبار_الجديد #لبنان #جنوب_لبنان https://t.co/o6mjTqRTjv htt,غاره | اباتشي,1.0
1471,Helicopter Hovering,CNRS Webhook,في الجنوب.. غارة من مروحية أباتشي وثّق فيديو لحظة غارة الأباتشي على قبريخا في قضاء مرجعيون جنوب لبنان #أخبار_الجديد #لبنان #جنوب_لبنان Video في الجنوب.. غارة من,غاره | اباتشي,1.0
1472,Helicopter Hovering,CNRS Webhook,غارة مروحية على شقة في فرون غارة مروحية على شقة في فرون,غاره,1.0
1473,Helicopter Hovering,CNRS Webhook,مسيّرة تحلّق فوق موقع الغارة التي نفّذتها مروحية إسرائيلية على مبنى بمحاذاة طريق شوكين–ميفدون في جنوب لبنان Video مسيّرة تحلّق فوق موقع الغارة التي نفّذتها مروح,غاره,1.0
1474,Helicopter Hovering,CNRS Webhook,غارة من الطيران المروحي استهدفت وادي السلوقي T.me/mehwaralmokawma غارة من الطيران المروحي استهدفت وادي السلوقي T.me/mehwaralmokawma,غاره | استهدف | استهدفت,1.0
1475,Helicopter Hovering,CNRS Webhook,غارة من الطيران المروحي استهدفت وادي السلوقي غارة من الطيران المروحي استهدفت وادي السلوقي,غاره | استهدف | استهدفت,1.0
1476,Helicopter Hovering,CNRS Webhook,غارة شنّتها مروحية إسرائيلية استهدفت الطريق العام بين ميفدون وشوكين في جنوب لبنان Video غارة شنّتها مروحية إسرائيلية استهدفت الطريق العام بين ميفدون وشوكين في ج,غاره | استهدف | استهدفت,1.0
1477,Helicopter Hovering,CNRS Webhook,غارة من الطيران المروحي استهدفت خط عام ميفدون شوكين غارة من الطيران المروحي استهدفت خط عام ميفدون شوكين,غاره | استهدف | استهدفت,1.0
1478,Helicopter Hovering,CNRS Webhook,🚨🚨غارة من الطيران المروحي استهدفت طريق عام ميفدون شوكين ​An airstrike by helicopter gunships targeted the Mayfadoun-Choukine main road غارة من الطيران المروحي ا,غاره | استهدف | استهدفت | airstrike | strike,1.0
1479,Warplane,CNRS Webhook,بالصّور: ما خلّفته الغارات الليليّة mtv.com.lb/news/1741205 Link بالصّور: ما خلّفته الغارات الليليّة شنّ الطيران الحربي الإسرائيلي بعيد منتصف ليل السبت - الأحد،,غارات | قصف,1.0
1480,Warplane,CNRS Webhook,🔴اولي غارة من الطيران الحربي استهدفت وادي السلوقي T.me/mehwaralmokawma اولي غارة من الطيران الحربي استهدفت وادي السلوقي T.me/mehwaralmokawma,غاره | استهدف | استهدفت,1.0
1481,Warplane,CNRS Webhook,مراسل #الجديد : غارة من الطيران الحربي الاسرائيلي على أطراف بلدة زوطر الشرقية في قضاء النبطية مراسل #الجديد : غارة من الطيران الحربي الاسرائيلي على أطراف بلدة ز,غاره,1.0
1482,Surveillance Aircraft,Red Alert Lebanon,🤍 منذ 20 تشرين الثاني 2025، وأنتم جزء من هذه المسيرة بدأنا بمجموعة لا تتجاوز 20 فردًا ، لتصل اليوم إلى: 👥 2684 مراسلًا في البوت الأول 👥 984 مراسلًا في البوت الج,غاره,1.0
1485,Warplane,CNRS Webhook,غارة للعدو الصهيوني عبر الطيران الحربي استهدفت بلدة النبطية الفوقا في قضاء النبطية في جبل عامل T.me/mehwaralmokawma «𓂆سيد كـيـان» غارة للعدو الصهيوني عبر الطيرا,غاره | استهدف | استهدفت,1.0
1486,Warplane,CNRS Webhook,غارتان من الطيران الحربي على القنطرة وكفرتبنيت غارتان من الطيران الحربي على القنطرة وكفرتبنيت,غارت,1.0
1487,Warplane,CNRS Webhook,🔴الطيران الحربي الاسرائيلي استهدف بلدتي القنطرة وكفرتبنيت T.me/mehwaralmokawma الطيران الحربي الاسرائيلي استهدف بلدتي القنطرة وكفرتبنيت T.me/mehwaralmokawma,استهدف,1.0
1488,Warplane,CNRS Webhook,غارة حربية على بني حيان غارة حربية على بني حيان,غاره,1.0
1490,Warplane,CNRS Webhook,غارة من الطيران الحربي المعادي استهدفت محيط بلدة طلوسة T.me/mehwaralmokawma غارة من الطيران الحربي المعادي استهدفت محيط بلدة طلوسة T.me/mehwaralmokawma,غاره | استهدف | استهدفت,1.0
1491,Warplane,CNRS Webhook,غارة حربية اســـــرائيلية استهدفت بلدة المنصوري قرب الطريق العام غارة حربية اســـــرائيلية استهدفت بلدة المنصوري قرب الطريق العام,غاره | استهدف | استهدفت,1.0
1493,Warplane,CNRS Webhook,متابعة| شِهَاَباً رَّصَدَاً: 3 غارات حربية استهدفت المنصوري. T.me/mehwaralmokawma «صادق» متابعة| شِهَاَباً رَّصَدَاً: 3 غارات حربية استهدفت المنصوري. T.me/mehwa,غارات | استهدف | استهدفت,1.0
1495,Warplane,CNRS Webhook,غارة حربية على كفرتبنيت أيضًا غارة حربية على كفرتبنيت أيضًا,غاره,1.0
1496,Warplane,CNRS Webhook,غارة حربية على زوطر الشرقية غارة حربية على زوطر الشرقية,غاره,1.0
1497,Surveillance Aircraft,CNRS Webhook,🏴أغار الطيران الحربي المعادي مستهدفا وادي السلوقي تفجير نفذه العدو في بلدة دير سريان أغار الطيران الحربي المعادي مستهدفا أطراف بلدة برعشيت أغار الطيران الحربي ا,اغار | تفجير,1.0
1498,Warplane,CNRS Webhook,غارة حربية على برعشيت غارة حربية على برعشيت,غاره,1.0
1499,Warplane,CNRS Webhook,غارة حربية محيط علي الطاهر - النبطية الفوقا غارة حربية محيط علي الطاهر - النبطية الفوقا,غاره,1.0
1500,Warplane,CNRS Webhook,غارة حربية تستهدف اطراف بلدة كفرتبنيت T.me/mehwaralmokawma ‏ «شُمران𓂆» غارة حربية تستهدف اطراف بلدة كفرتبنيت T.me/mehwaralmokawma ‏ «شُمران𓂆»,غاره,1.0
1502,Warplane,CNRS Webhook,#لبنان غارة للعدو الصهيوني عبر الطيران الحربي استهدفت بلدة القنطرة جنوبي لبنان الصامد T.me/mehwaralmokawma «𓂆سيد كـيـان» #لبنان غارة للعدو الصهيوني عبر الطيران ,غاره | استهدف | استهدفت,1.0
1504,Warplane,CNRS Webhook,🔵 مراسل الجديد: سلسلة غارات من الطيران الحربي الاسرائيلي استهدفت بلدات بني حيان ، القنطرة وطلوسة ووادي السلوقي قضاء مرجعيون مراسل الجديد: سلسلة غارات من الطيران,غارات | استهدف | استهدفت,1.0
1505,Warplane,CNRS Webhook,🔵 مراسل الجديد: سلسلة غارات من الطيران الحربي الاسرائيلي استهدفت بلدات بني حيان ، القنطرة وطلوسة ووادي السلوقي قضاء مرجعيون https://x.com/ALJADEEDNEWS/status/21,غارات | استهدف | استهدفت,1.0
1506,Warplane,CNRS Webhook,الطيران الحربي المعادي اغار مستهدفا محيط بلدة القنطرة، بالاضافة الى بلدة النبطية الفوقا وبني حيان الطيران الحربي المعادي اغار مستهدفا محيط بلدة القنطرة، بالاضاف,اغار,1.0
1507,Warplane,CNRS Webhook,غارة حربية اســـــرائيلية استهدفت بصاروخين بلدة المنصوري غارة حربية اســـــرائيلية استهدفت بصاروخين بلدة المنصوري,غاره | استهدف | استهدفت | صاروخ,1.0
1508,Warplane,CNRS Webhook,المنصوري مجددا غارة حربية المنصوري مجددا غارة حربية,غاره,1.0
